SPONSORED1500W Electric Steam Mop Cleaner Steamer Floor Carpet Tile Cleaning Machine,$46.99
"Shark S1000A Steam Mop Hard Floor Cleaner with XL Removable Water Tank,,NEW,,",$54.99
2  Shark Genius Steam Mop pads,$15.80
SPONSOREDNEW 1300W Electric Steam Mop Cleaner Steamer Floor Carpet Cleaning Machine Black,$54.59
SPONSORED1500W Electric Steam Mop Cleaner Steamer Floor Carpet Tile Cleaning Machine,$46.99
"SHARK GENIUS STEAM POCKET MOP S5003D , NEW IN BOX",$99.95
1500W Electric Steam Mop Cleaner Steamer Floor Carpet Tile Cleaning Machine,$46.99
BISSELL PowerFresh Deluxe Hard Floor Natural Steam Mop Cleaner | 1806 NEW!,$89.99
Shark Antibacterial Steam Mop S3101. Purple.,$24.99
NEW 1300W Electric Steam Mop Cleaner Steamer Floor Carpet Cleaning Machine Black,$54.59
Shark Deluxe Steam Pocket Mop (PURPLE) - (Model# S3501),$49.99
Shark Genius Steam Pocket Mop System Steam Cleaner *READ*,$49.99
New Steam Mop,$48.76
"Steam Mop, S1000WM Lightweight maneuverable sanitizes Easy use kitchen or bath",$50.49
SPONSOREDNEW 1500W Electric Steam Mop Cleaner Steamer Floor Carpet Cleaning Machine White,$49.99
SPONSORED2  Shark Genius Steam Mop pads,$15.80
Bissell variety Steam Mop 6639,$46.99
1500W Electric Steam Mop Cleaner Steamer Floor Carpet Tile Cleaning Machine,$46.99
Shark Steam Mop Floor Clean Santize Removable Water Tank Hard Wood Tile Home,$49.99
Shark S1000 Steam Mop Hard Floor Cleaner with Removable Water Tank BRAND NEW!,$37.00
NEW 1500W Electric Steam Mop Cleaner Steamer Floor Carpet Cleaning Machine White,$49.99
SHARK Professional Multi-Steam Pocket Mop S3901W Hose Attachment,$17.99
"BISSELL PowerFresh Steam Mop, Floor Steamer, Tile Cleaner",$89.99
"SPONSOREDBISSELL PowerFresh Steam Mop, Floor Steamer, Tile Cleaner",$89.99
SPONSORED4 Replacements Euroflex Monster EZ1 Washable Steam Mop Pads,$20.63
"Shark Genius Hard Floor Cleaning System Pocket (S5003D) Steam Mop, Gray",$89.95
Shark S5001 Sanitizing Steam Pocket Mop (Certified Refurbished),$54.95
3 Steam Mop Pads fits Bissell PowerFresh Pad 1940 203-2633 19402 19404 19408,$8.92
New ListingShark Professional Steam Mop S3601,$29.99
5 in 1 Steam Mop Floor Steamer Ergonomic Soft Grip Handle Lightweight White Blue,$35.00
Shark Pocket Steam Mop Compatible Standard Microfiber Pads s3901 s3501 s3601,$7.21 to $14.22
New Steam Pocket Mop Hard Floor Cleaner,$74.82
Shark Steam & Spray Mop Cleaning Pads,$5.99
LIGHT 'N' EASY Steam Mop Super Lightweight Hard Floor Cleaner Electric Corded,$57.99
BISSELL PowerFresh Steam Mop With Scrubber 1940W,$50.99
Shark Steam Professional Pocket Mop S3601CO/S3501 Replacement XL Head,$16.19
1300W Electric Steam Mop Cleaner Steamer Floor Carpet Tile Cleaning Machine,$38.99
Microfiber Mop Pads Replacement Shark Steam Pocket Mop S3501 S3601 S3901,$7.21 to $14.22
SPONSOREDBISSELL PowerFresh Deluxe Hard Floor Natural Steam Mop Cleaner | 1806 NEW!,$89.99
"SPONSOREDShark S1000A Steam Mop Hard Floor Cleaner with XL Removable Water Tank,,NEW,,",$54.99
New ListingGenuine Shark Steam Mop Water Reservoir Refill Cup-Pitcher,$7.99
6 Replacement Microfiber Pads For Shark Steam Mop S3250 S3101 S3251 SE200 SP10,$8.85
Genuine Shark Pocket Steam Mop S3501 Shaggy Purple Steam Duster Pad New in Pack,$6.99
Steam Mop 2 in 1 Floor Steamer and Hand held Steam Cleaner Durable Long Lasting,$69.99
Shark Deluxe Steam Pocket Mop (GOLD) - (Model# S3501),$49.99
LIGHT 'N' EASY Steam Mop Floor Steamer with Swiveling Steamer Mop Head,$31.47
New Listingâœ” SHARK STEAM MOP REPLACEMENT WATER TANK CAP | SK435CO   âœ” AA+,$14.99
Shark Lift Away Professional Steam Mop/Portable Steamer Pocket Mop Accessory,$19.00
Yellow HAAN Floor Sanitizer STEAM CLEANING MOP (#FS-20) CLEAN ðŸ§½@ 2 new pads,$60.00
Genuine Shark Steam Spray Washable Reusable Pad Mop Pro (many Others) New,$7.99
2 Pack Replacement Pads For Shark Steam Pocket Mop Pad S3501 S3601 S3901,$9.16
"Washable Shark Steam Mop Pads Replacement for S3500 series, S3501",$8.67
"Rival Steam Mop Red color  new Re-55-500-066-02, tile, wood or laminate Floors",$34.99
Shark Steam Professional Pocket Mop S3601CO S3501 Triangle Head Replacement,$7.99
BISSELL PowerForce Steam Mop Pad Replacement Kit for Series 2078 | Model 1883C,$14.99
6x Replacement Microfiber Clean Pads Fr Shark Steam Mop S3250 S3101 XT3010,$8.85
Shark Lift-Away Pro Steam Mop with Click Flip,$99.90
"Shark Genius Steam Pocket Mop System Steam Cleaner S6002, Brand New",$82.99
Bissell steam mop deluxe Hard Floor Cleaning Never used Model 31n1,$50.00
SPONSOREDBissell variety Steam Mop 6639,$46.99
SPONSOREDShark S5001 Sanitizing Steam Pocket Mop (Certified Refurbished),$54.95
